{"cameraMode":{"drawMode":0,"name":"Shaded","section":"Shading Mode"},"sceneLighting":true,"audioPlay":false,"sceneViewState":{"m_AlwaysRefresh":false,"showFog":true,"showSkybox":true,"showFlares":true,"showImageEffects":true,"showParticleSystems":true,"showVisualEffectGraphs":true,"m_FxEnabled":true},"in2DMode":false,"pivot":{"x":21.043746948242189,"y":21.54698944091797,"z":-199.24740600585938},"rotation":{"x":-0.001693050959147513,"y":-0.9895433187484741,"z":0.1438005417585373,"w":-0.011586888693273068},"size":12.12435531616211,"orthographic":false}